author,arcurl,tag
丨丨囗,http://www.bilibili.com/video/av987170655,"美女,女神,合集,诱惑,漂亮,大长腿,美女合集,小姐姐,必剪创作,秋末街头浪漫起舞,轻舞蹈创作激励计划第九期"
小小美女合集,http://www.bilibili.com/video/av692404517,"美女,女神,热舞,身材,诱惑,大长腿,性感美女,美女合集"
坠入浩瀚訫海,http://www.bilibili.com/video/av349700298,"可爱,大长腿,性感美女,生活万花筒4.0·100种生活瞬间,寒假里的普通一天"
蟲师s银古,http://www.bilibili.com/video/av947375578,"美女,性感,身材,内衣,模特,服饰,秀场,小姐姐,穿搭,时尚穿搭有态度,2022时尚年度盘点"
以铭惊人,http://www.bilibili.com/video/av819814537,"美女,性感,女大学生,魔鬼身材,倪妮,女大学生日常,颜值美女,内娱,乘风破浪的姐姐,星动安利大作战"
咪咪BQQ,http://www.bilibili.com/video/av734986298,"可爱,美女,女神,性感,美腿,身材,诱惑,大长腿,穿搭,性感身材"
陌路下的归宿,http://www.bilibili.com/video/av691312672,"我生命里的一分钟,身材,小姐姐,小仙女,颜值,大长腿,萌妹子,天花板,好看的小姐姐,制服"
However叶无悔,http://www.bilibili.com/video/av989966027,"电影剪辑,电影解说,必剪创作"
飞绪何筹飘零逐流,http://www.bilibili.com/video/av348004580,"美女,辛苦"
辽东王三,http://www.bilibili.com/video/av78676144,"热血,搞笑,动漫,后宫"
醉挽清风拂明月丶,http://www.bilibili.com/video/av306701092,"轻舞蹈创作激励计划第十期,必剪创作,美女,漂亮,大长腿,抖音美女,小姐姐,女神,热舞,诱惑"
你妈喊你来看正能量,http://www.bilibili.com/video/av201736333,"美女,跳舞,快手"
LoFt-Style,http://www.bilibili.com/video/av989999614,"娱乐,女神,脚,影视剪辑,颜值,白鹿,必剪创作,2022影娱年终大盘点,2022影娱吃瓜大赏"
美女小姐姐集中营,http://www.bilibili.com/video/av564532573,"美女,女神,诱惑,漂亮,大长腿,气质美女"
女神能量站,http://www.bilibili.com/video/av734903033,"旅游,旅行,记录,模特,韩国美女,穿搭,美女模特,旅行VLOG,存档2022开拍2023，一起记录！,存档2022，开拍2023,记录2023第一次旅行"
初阳爱詹詹,http://www.bilibili.com/video/av347871041,"轻舞蹈创作激励计划第九期,诱惑,热舞,女神,美女,身材,小姐姐,美女合集,低俗,高雅"
桃十五,http://www.bilibili.com/video/av434952325,"美女,女神,性感,身材,小仙女,泳池,小姐姐,随手记录我的生活碎片,生活万花筒4.0·100种生活瞬间"
Erm丶22,http://www.bilibili.com/video/av522402241,"美女,女神,性感,诱惑,漂亮,勾引,影视剪辑,必剪创作,存档2022，开拍2023"
云水剪辑,http://www.bilibili.com/video/av519917948,"美女,女神,性感,制服诱惑,影视剪辑,长发飘飘,影视考古大赛,2022影娱年终大盘点"
bili_60001220543,http://www.bilibili.com/video/av989917828,"万恶之源,女神,高能,性感,奇葩,幽默,笑死人不偿命,主动,仙女,搞笑美女"
芒果君tt,http://www.bilibili.com/video/av690991637,"轻舞蹈创作激励计划第十期,小姐姐,女神,热舞,美女,抖音美女,诱惑"
山崎名人F,http://www.bilibili.com/video/av349937157,"美女,泳装,性感,身材,诱惑,比基尼,模特"
电爪Eleclaw,http://www.bilibili.com/video/av734903278,"伪娘,女装,女装大佬"
小可爱摄影yy,http://www.bilibili.com/video/av692448966,"美女,日常,丝袜,服饰,小姐姐,穿搭"
哥谭市的恶梦,http://www.bilibili.com/video/av691184979,"小姐姐,美女,女神,性感,大长腿"
可爱的阿呦呦,http://www.bilibili.com/video/av646857041,"美女,女神,热舞,诱惑,大长腿,小姐姐,轻舞蹈创作激励计划第八期"
发着玩儿,http://www.bilibili.com/video/av777493151,"女神,性感,萌妹子,诱惑,小仙女,小姐姐"
迪迦动漫A,http://www.bilibili.com/video/av516497943,"少女,动漫,二次元,美女,动画短片,综漫,补番推荐,动漫解说,动漫杂谈,动画短片群星计划,动画短片群星计划 第四期"
高中小Aho,http://www.bilibili.com/video/av605590946,"UP影剧综指南,生活里的美好瞬间,小仙女,深圳,小姐姐,00后,校园,青春,颜值"
中鱼来啦,http://www.bilibili.com/video/av947386953,"挑战,性感,身材,深夜,诱惑,心动挑战,轻舞蹈创作激励计划,存档2022，开拍2023,轻舞蹈创作激励计划新春特别篇"
搞笑涛哥11,http://www.bilibili.com/video/av349923539,"美女,女神,高能,性感,诱惑,小仙女,好身材,大长腿,小姐姐,美女搞笑"
明明都挺好,http://www.bilibili.com/video/av562190247,"经典,搞笑,美女,强吻,吻戏"
阿凯和北鼻,http://www.bilibili.com/video/av290048916,"沙雕日常,搞笑,美女,女神,情侣,JK,恋爱,沙雕"
果燃动漫,http://www.bilibili.com/video/av733816342,"漫画,僵尸,美女,驱魔师"
荒野行动-阿涛,http://www.bilibili.com/video/av734921810,"美女,女神,性感,身材,大长腿,小姐姐,火辣身材,必剪创作,时尚穿搭有态度,2022时尚年度盘点"
是老湿啊啊啊,http://www.bilibili.com/video/av692474702,"测试,女神,性感,小仙女,小姐姐,气质美女,必剪创作,存档2022，开拍2023,回家的路是最美的归途"
i左左,http://www.bilibili.com/video/av522375680,"美女,女神,合集,热舞,身材,诱惑,美女合集,小姐姐,必剪创作"
美女收集官_正能量,http://www.bilibili.com/video/av388466225,"丝袜,萌妹子,小姐姐,JK　"
小姜的路吃日记,http://www.bilibili.com/video/av349980215,"美女,诱惑,大长腿"
喝奶奶的逗比,http://www.bilibili.com/video/av349879972,"美女,诱惑,大长腿,女装大佬,校园整活王,校园星发现4.0"
宅在家的大美女,http://www.bilibili.com/video/av307498612,"美女,女神,性感,身材,大长腿"
击穿我的意志,http://www.bilibili.com/video/av980282306,"性感,小姐姐,打卡挑战,跟着UP主创作吧（第三期）"
author,arcurl,tag
果燃动漫,http://www.bilibili.com/video/av733816342,"漫画,僵尸,美女,驱魔师"
荒野行动-阿涛,http://www.bilibili.com/video/av734921810,"美女,女神,性感,身材,大长腿,小姐姐,火辣身材,必剪创作,时尚穿搭有态度,2022时尚年度盘点"
是老湿啊啊啊,http://www.bilibili.com/video/av692474702,"测试,女神,性感,小仙女,小姐姐,气质美女,必剪创作,存档2022，开拍2023,回家的路是最美的归途"
美女收集官_正能量,http://www.bilibili.com/video/av388466225,"丝袜,萌妹子,小姐姐,JK　"
小姜的路吃日记,http://www.bilibili.com/video/av349980215,"美女,诱惑,大长腿"
宅在家的大美女,http://www.bilibili.com/video/av307498612,"美女,女神,性感,身材,大长腿"
储秀宫辉音Offical,http://www.bilibili.com/video/av818276900,"韩国,美女,明星,女神,朴妮唛,娱乐圈,直播,诱惑,主播,小姐姐"
击穿我的意志,http://www.bilibili.com/video/av980282306,"性感,小姐姐,打卡挑战,跟着UP主创作吧（第三期）"
皮蛋瘦肉周iY,http://www.bilibili.com/video/av862282078,"女神,性感,内衣,土豪,直播,诱惑,打赏,B站小剧场,存档2022，开拍2023"
忘引,http://www.bilibili.com/video/av222479055,动画短片
一大饭桶娱乐,http://www.bilibili.com/video/av522447025,"美女,健身"
However叶无悔,http://www.bilibili.com/video/av519953481,"电影剪辑,影视剪辑,必剪创作"
美女体育,http://www.bilibili.com/video/av904882491,"美女,女神,性感,体育,大长腿,小姐姐,必剪创作,存档2022，开拍2023"
75545174888,http://www.bilibili.com/video/av519964053,"黑化,美女,变身,附身,闺蜜,影视剪辑"
Yui柯基大聪明,http://www.bilibili.com/video/av593194568,"寒假vlog挑战季,逗比,搞笑,沙雕,生活,恶作剧,吐槽,美女,vlog"
十月看啥片,http://www.bilibili.com/video/av306734012,"2022影娱年终大盘点,影视考古大赛,打卡挑战,血洗红花亭,伦理片,王祖贤,影评杂谈,人性,欲望,性感,黑老大"
孔小姐电影,http://www.bilibili.com/video/av506867468,"动画解说,动画短片"
RedFlower2099,http://www.bilibili.com/video/av540731370,"美女,电影,诱惑,视频剪辑,全能打卡挑战"
真有趣的鬼鬼,http://www.bilibili.com/video/av989770838,"模特,马来西亚美女,颜值,东南亚美女,小众网红,看美女可以长寿吗？,angelloweee"
However叶无悔,http://www.bilibili.com/video/av607452943,"电影,剪辑,必剪创作"
高中小Aho,http://www.bilibili.com/video/av262753412,"万圣节惊奇派对，一起创作！,我的生活随手拍,学生,校园,小仙女,高中,小姐姐,颜值,青春"
on9菌,http://www.bilibili.com/video/av672529852,"软妹,钢铁直男,粤语,美女,小姐姐,全程高能,搞笑视频,反应,不要心动挑战"
咭咪音视听,http://www.bilibili.com/video/av520569965,"性感,比基尼,内衣秀,走秀,T台走秀,时装秀,4K,性感美女,时装周,欧美女模"
没有睡醒的大表哥,http://www.bilibili.com/video/av518840404,"动漫推荐,美女,二次元,战斗"
账号已注销,http://www.bilibili.com/video/av946654444,"夜店,美女,顶级,现场,颜值,四川,四川成都,DJ"
宅叔马克斯,http://www.bilibili.com/video/av429312324,"画师,海外反应,日本评论,5CH"
小小美女合集,http://www.bilibili.com/video/av222404432,"美女,女神,性感,热舞,身材,诱惑,大长腿,性感美女,美女合集"
175小仙女,http://www.bilibili.com/video/av331289516,"打卡挑战,必剪创作,性感,美女,诱惑,爱情"
啦啦啦啦weui,http://www.bilibili.com/video/av734191263,"女神,性感,诱惑,小姐姐,必剪创作"
水原小可,http://www.bilibili.com/video/av221238248,"穿搭,种草,运动风,辣妹,性感,美式,连衣裙,水原小可,吊带,女神"
头铁吖阿彪,http://www.bilibili.com/video/av649985439,"美女,健身,女神,性感,身材,小姐姐"
美女收集官_正能量,http://www.bilibili.com/video/av303416669,"女神,性感,身材,诱惑"
哲哥最帥,http://www.bilibili.com/video/av638225264,"性感,美图,小姐姐,打卡挑战,记录生活的美好幸福时刻,跟着UP主创作吧（第三期）"
美女收集官_正能量,http://www.bilibili.com/video/av558432851,"女神,性感,身材,诱惑,小仙女"
新奇视,http://www.bilibili.com/video/av843334170,"美女,性感,写真,模特,裸眼3D,时尚,必剪创作"
新奇视,http://www.bilibili.com/video/av251915246,"性感,美腿,身材,诱惑,时尚,小姐姐"
带带大橙丸,http://www.bilibili.com/video/av55532217,"美女,丝袜,附身,寄生,控制,恶堕"
新奇视,http://www.bilibili.com/video/av457593494,"美女,性感,写真,诱惑,比基尼,街拍"
新奇视,http://www.bilibili.com/video/av202560591,"美女,泳装,性感,写真,诱惑,比基尼"
女霞姐姐姐,http://www.bilibili.com/video/av860895169,"小姐姐,小仙女,生活记录,模特"
新奇视,http://www.bilibili.com/video/av712613326,"美女,性感,内衣,写真,诱惑,时尚"
十五毅,http://www.bilibili.com/video/av734363088,"必剪创作,美女,脓包痘痘"
author,arcurl,tag
新奇视,http://www.bilibili.com/video/av928554061,"美女,性感,身材,内衣,写真,诱惑,模特,时尚,街拍,必剪创作"
iPhone14PrMax小黑紫,http://www.bilibili.com/video/av733003477,"美女,女神,性感,身材,诱惑,大长腿,好身材秀出来,必剪创作"
RedFlower2099,http://www.bilibili.com/video/av673327437,"美女,打卡挑战"
野忍miemie,http://www.bilibili.com/video/av349930835,"韩国,美女,女神,性感,诱惑,漂亮,小姐姐,存档2022，开拍2023"
收藏君-真,http://www.bilibili.com/video/av930724787,"女神,性感,身材,诱惑,漂亮,大长腿,小姐姐,打卡挑战,必剪创作,定格身边的小美好,来点阳光，生活不丧"
新奇视,http://www.bilibili.com/video/av288594607,"韩国,美女,性感,身材,诱惑,大长腿,KOREA相关,必剪创作"
qwerwqefw,http://www.bilibili.com/video/av734589888,"校园,女神,大学,小仙女,小姐姐,颜值"
新奇视,http://www.bilibili.com/video/av543353214,"美女,性感,写真,模特,裸眼3D,小姐姐"
新奇视,http://www.bilibili.com/video/av755117576,"美女,性感,写真,诱惑,比基尼,时尚"
小杜渡1,http://www.bilibili.com/video/av519839296,"2022影娱年终大盘点,去有风的地方欣赏美人与美景,女神,诱惑,热舞,小姐姐,美女,大长腿"
小鹏酷爱剪辑,http://www.bilibili.com/video/av263699153,"美女,女神,必剪创作"
带带大橙丸,http://www.bilibili.com/video/av90060194,"洗脑,美女,变身,附身,寄生,控制"
新奇视,http://www.bilibili.com/video/av415120403,"美女,性感,诱惑,走秀,时尚,大长腿"
海狸哥你好,http://www.bilibili.com/video/av935522615,"格斗,日本,美女,WWE,影视剪影,影评杂谈,打卡挑战"
新奇视,http://www.bilibili.com/video/av330082747,"美女,女神,性感,写真,诱惑,时尚"
极乐天宫,http://www.bilibili.com/video/av856369849,"美女,女神,诱惑,漂亮,大长腿,小姐姐"
磬石凰木,http://www.bilibili.com/video/av989939189,"女神,合集,性感,身材,漂亮,小仙女,小姐姐"
丨丨囗,http://www.bilibili.com/video/av860012245,"美女,女神,合集,热舞,诱惑,漂亮,美女合集,小姐姐,必剪创作,轻舞蹈创作激励计划第九期"
校草生活,http://www.bilibili.com/video/av734860238,"性感,热舞,身材,酒吧,小仙女,小姐姐,蹦迪,打工人的日常记录,存档2022，开拍2023,生活万花筒4.0·100种生活瞬间"
仙女下凡集中营,http://www.bilibili.com/video/av392432978,"妹子,女神,性感,萌妹子,身材,小仙女,小姐姐,必剪创作"
新奇视,http://www.bilibili.com/video/av712514910,"美女,性感,诱惑,模特,走秀,时尚"
天地我心神明,http://www.bilibili.com/video/av349921912,"女神,写真,小姐姐"
繁星电影,http://www.bilibili.com/video/av349891419,"韩国,美女,人性,帅哥,诱惑,犯罪,泳衣,勾引,小心许愿,影视热点观察,2022影娱年终大盘点"
75545174888,http://www.bilibili.com/video/av264954925,"日本,美女,女神,记者,女记者,影视剪辑"
赤木青月,http://www.bilibili.com/video/av934537046,"自制,女神,性感,诱惑,漂亮,大长腿,冬天吃什么,打卡挑战,必剪创作,温暖这个冬天"
风浅雨青,http://www.bilibili.com/video/av434176221,"美女,女警,中枪,女杀手,赐福,存档2022，开拍2023"
一大饭桶娱乐,http://www.bilibili.com/video/av522447025,"美女,健身"
青柠不酸只甜r,http://www.bilibili.com/video/av734907229,"爱情,美女,男人,性感,身材,按摩,诱惑,报复,影视剪辑,电影解说"
广告娘Official,http://www.bilibili.com/video/av519985604,"美女,性感,身材,诱惑,大冒险,小姐姐,美女健身,健身环,健身房怎么健身"
杰维娅托娃,http://www.bilibili.com/video/av710554094,"女装,美女,美少女,女神,性感,身材,诱惑,模特,大长腿,小姐姐"
太电,http://www.bilibili.com/video/av989531839,"美女,穿搭"
菲菲宠儿,http://www.bilibili.com/video/av607488232,"性感,诱惑,洗脚,影视剪辑,影视文化漫谈,2022影娱年终大盘点"
--雾散月清明,http://www.bilibili.com/video/av734995860,美女
女霞姐姐姐,http://www.bilibili.com/video/av691996520,"热舞,女神,美女,居家,小姐姐"
新奇视,http://www.bilibili.com/video/av288059846,"性感,美腿,热舞,身材,诱惑,漂亮,大长腿,街拍,小姐姐,必剪创作"
美丽的美丽的巨兔12138,http://www.bilibili.com/video/av904919950,"美女,性感,模特,数码相机,必剪创作"
谁家的猫咕咕呀,http://www.bilibili.com/video/av546419045,"明星,女神,男神,颜值,可爱,美女"
从当下开始努力,http://www.bilibili.com/video/av336829799,"美女,性感,犯罪,打卡挑战,必剪创作,UP影剧综指南,UP影剧综指南·影要看"
舞蹈小花猫,http://www.bilibili.com/video/av862140626,"美女,健身,教练,瑜伽,坚持,翘臀,长腿,全民健身打卡,2022健身日记,存档2022，开拍2023"
发着玩儿,http://www.bilibili.com/video/av947380226,"女神,现场,性感,摄影,小仙女,大长腿"
自由航行与飞越,http://www.bilibili.com/video/av564878019,大长腿
-花已落,http://www.bilibili.com/video/av264846082,"生活万花筒4.0·100种生活瞬间,寒假里的普通一天"
author,arcurl,tag
最美不过花落时111,http://www.bilibili.com/video/av777384400,"美女,上古卷轴,上古卷轴5,精灵,少女卷轴,巫师3,骑马与砍杀2,万物皆可游戏"
sengme跪,http://www.bilibili.com/video/av21081999,"生活,美女,日常,女高中生,谁也别想放假"
发发搞笑社,http://www.bilibili.com/video/av989984613,"搞笑,爆笑,美女,奇葩,搞笑集锦,搞笑视频,爆笑视频,爆笑瞬间,搞笑段子,爆笑名场面"
天地我心神明,http://www.bilibili.com/video/av349921912,"女神,写真,小姐姐"
美女小姐姐集中营,http://www.bilibili.com/video/av733769926,"美女,女神,身材,诱惑,大长腿,街拍,小姐姐"
币不可能少,http://www.bilibili.com/video/av947420029,"女神,性感,萌妹子,诱惑,漂亮,小仙女,小姐姐,颜值,生活万花筒4.0·100种生活瞬间,寒假里的普通一天"
美女社团,http://www.bilibili.com/video/av776570976,"美女,女神,热舞,热门,仙女,小姐姐,硬曲,参加随机舞蹈的快乐,存档2022，开拍2023"
北冰洋里的西柚味,http://www.bilibili.com/video/av648309774,"爱情,伊甸园,拉娜,高甜,颜值,cp,恋综"
极乐天宫,http://www.bilibili.com/video/av642711225,"美女,女神,诱惑,漂亮,小姐姐,打卡挑战"
极限运动sir,http://www.bilibili.com/video/av904613473,"#我的2022#,性感,身材,美女,漂亮,女神"
夜之城杰出青年V,http://www.bilibili.com/video/av349913802,"合集,性感,身材,小仙女,美女合集,小姐姐,必剪创作,存档2022开拍2023，一起记录！,记录2023第一次旅行"
美女小姐姐集中营,http://www.bilibili.com/video/av348558223,"小姐,美女,女神,热舞,诱惑,尤物,大长腿,小姐姐,这谁顶得住"
剪刀手瑜乔,http://www.bilibili.com/video/av332042193,"最强安利王·经典爷青回,影视剪辑,艾玛,小k,哈利波特,女神,美女,霉霉,安利,赫敏"
山春早紀_,http://www.bilibili.com/video/av988075818,"影视万话镜3.0,影视考古大赛,郭珍霓,宁静,颜丹晨,嫦娥,陈红,周迅,杜冰雁,舒畅,蒋勤勤"
陈尘钰,http://www.bilibili.com/video/av222495769,"爱情,可爱,美女,慢摇"
美女舞蹈集,http://www.bilibili.com/video/av264969528,"美女,丝袜,性感"
RedFlower2099,http://www.bilibili.com/video/av628636384,"美女,电影,绑架,电影剪辑,打卡挑战"
极乐天宫,http://www.bilibili.com/video/av301940682,"女神,合集,性感,诱惑"
美女小姐姐集中营,http://www.bilibili.com/video/av263806141,"美女,女神,热舞,身材,大长腿,街拍,小姐姐"
美女小姐姐集中营,http://www.bilibili.com/video/av391748478,"美女,女神,热舞,身材,诱惑,大长腿,重量级,小姐姐"
一锌_,http://www.bilibili.com/video/av307396856,"美女,女神,性感,小姐姐,今日出门怎么穿,2022时尚年度盘点"
2023扬帆Go,http://www.bilibili.com/video/av947466328,"美女,泳装,比基尼,模特,夏季,泳池派对,必剪创作,存档2022，开拍2023"
紫薇尔莉特伊芙加登,http://www.bilibili.com/video/av819991889,"美女,女神,日剧,性感,刑事,罪案,模特,刑侦,影视剪辑,影视考古大赛,2022影娱年终大盘点"
小吴想恰饭,http://www.bilibili.com/video/av632343858,"生活,女生,妹子,女神,身材,小姐姐,打卡挑战,必剪创作,bilibili直播嘉年华"
静瑶花,http://www.bilibili.com/video/av434983267,"原创,自制,美女,女神,性感,电视剧,诱惑,影视剪辑,必剪创作,校园星发现4.0,一年一度春晚预测大赛"
自由航行与飞越,http://www.bilibili.com/video/av434884420,美女
维密天使泳装秀专场,http://www.bilibili.com/video/av434906164,"美女,泳装,性感,比基尼,模特"
_Dulcimer_,http://www.bilibili.com/video/av641727623,"美女,高能,挑战,逗比,奇葩,必剪创作"
美女小姐姐集中营,http://www.bilibili.com/video/av649182067,"小姐,美女,身材,诱惑,大长腿,街拍,小姐姐,街拍美女"
极乐天宫,http://www.bilibili.com/video/av984613352,"女神,诱惑,大长腿"
柳柏喻,http://www.bilibili.com/video/av433461820,"MAD,EVA,AMV,新世纪福音战士,美女,眼镜妹,真希波,玛丽,必剪创作,动画园游会,动画剪刀手"
美女小姐姐集中营,http://www.bilibili.com/video/av734934268,"可爱,女神,热舞,诱惑,街拍,小姐姐,即兴舞蹈,街拍美女"
中鱼来啦,http://www.bilibili.com/video/av904877685,"挑战,帅气,深夜,心动挑战,存档2022，开拍2023"
橘味艺术家,http://www.bilibili.com/video/av327570141,"欧美,姬圈,橘里橘气"
简单葡萄,http://www.bilibili.com/video/av683311355,"萌妹子,清纯,小姐姐,颜值,打卡挑战,必剪创作,我在B站做UP主"
RedFlower2099,http://www.bilibili.com/video/av373153782,"电影剪辑,美女诱惑,创作灵感,打卡挑战"
忘引,http://www.bilibili.com/video/av692415815,"剪辑,韩漫"
没的感情蚁工,http://www.bilibili.com/video/av522479908,"女神,性感,萌萌,大长腿"
美女收集官_正能量,http://www.bilibili.com/video/av516053121,"女神,性感,身材,诱惑,模特,小仙女,小姐姐"
极乐天宫,http://www.bilibili.com/video/av259421389,"美女,女神,性感,诱惑,大长腿"
萤灯泡,http://www.bilibili.com/video/av522444430,"短片,喜剧,影视剪影"
新奇视,http://www.bilibili.com/video/av287547785,"美女,性感,写真,诱惑,模特,小姐姐"
author,arcurl,tag
没的感情蚁工,http://www.bilibili.com/video/av522479908,"女神,性感,萌萌,大长腿"
美女收集官_正能量,http://www.bilibili.com/video/av516053121,"女神,性感,身材,诱惑,模特,小仙女,小姐姐"
极乐天宫,http://www.bilibili.com/video/av259421389,"美女,女神,性感,诱惑,大长腿"
萤灯泡,http://www.bilibili.com/video/av522444430,"短片,喜剧,影视剪影"
新奇视,http://www.bilibili.com/video/av287547785,"美女,性感,写真,诱惑,模特,小姐姐"
b站爵士舞老大爷,http://www.bilibili.com/video/av349905337,"韩国,KPOP,韩舞,韩国女团,李序英,Korea相关,HelloVenus,WiggleWiggle,明星舞蹈,星动安利大作战,爱豆竖屏安利挑战赛"
RedFlower2099,http://www.bilibili.com/video/av418592510,"美女,电影剪辑,打卡挑战"
如风像雨,http://www.bilibili.com/video/av607391556,女神
美女小姐姐集中营,http://www.bilibili.com/video/av691584892,"美女,女神,热舞,身材,诱惑,大长腿,丰满"
外星贝壳,http://www.bilibili.com/video/av497692056,"卖萌,女神,模特,散步,乌克兰,毛妹"
屎前巨饿j,http://www.bilibili.com/video/av648275712,"女神,萌妹子,漂亮,小仙女,心动,小姐姐,颜值,存档2022，开拍2023"
带带大橙丸,http://www.bilibili.com/video/av54358583,"洗脑,美女,变身,附身,控制,恶堕"
自由航行与飞越,http://www.bilibili.com/video/av989908148,美女
RedFlower2099,http://www.bilibili.com/video/av670087267,"美女,电影,电影剪辑,#4K#TAG,十月打卡挑战W4"
小静-完整在动态,http://www.bilibili.com/video/av564992542,"美女,丝袜,服饰,连衣裙,穿搭,丝袜穿搭"
美女小姐姐集中营,http://www.bilibili.com/video/av221594441,"美女,热舞,诱惑,大长腿,街拍,小姐姐,街拍美女"
新奇视,http://www.bilibili.com/video/av501306022,"美女,健身,女神,性感,身材,诱惑,健美,模特,时尚,必剪创作"
极乐天宫,http://www.bilibili.com/video/av686213969,"女神,热舞,诱惑,漂亮,小姐姐,轻舞蹈创作激励计划第五期"
丨丨囗,http://www.bilibili.com/video/av691864534,"美女,女神,热舞,诱惑,漂亮,大长腿,美女合集,小姐姐,必剪创作,轻舞蹈创作激励计划第十期"
丨丨囗,http://www.bilibili.com/video/av689920882,"美女,合集,热舞,诱惑,漂亮,大长腿,美女合集,小姐姐,必剪创作,轻舞蹈创作激励计划第九期"
王者荣耀仙辰,http://www.bilibili.com/video/av221770484,"美女,女神,存档2022，开拍2023"
绿叶解读,http://www.bilibili.com/video/av862411907,"美女,女神,热舞,盘点,心动,小姐姐"
bili_45335462553,http://www.bilibili.com/video/av307461470,"女神,性感,萌妹子,身材,漂亮,小仙女,小姐姐"
75545174888,http://www.bilibili.com/video/av607418078,"美女,性感,诱惑,附身,神秘,影视剪辑,控制"
飞绪何筹飘零逐流,http://www.bilibili.com/video/av216273516,"美女,女神,小姐姐"
美女小姐姐集中营,http://www.bilibili.com/video/av521695728,"美女,女神,热舞,诱惑,大长腿,街拍,重量级,小姐姐"
新奇视,http://www.bilibili.com/video/av542501967,"美女,女神,性感,诱惑,漂亮,小姐姐"
阿银哦哦,http://www.bilibili.com/video/av80861146,"好物种草,搞笑视频,全程高能,是在下输了,美女,抖音,小姐姐,生活,可爱,萌妹子"
食字而肥不言侯,http://www.bilibili.com/video/av930966108,"可爱,女神,萌妹子,漂亮,VLOG,小姐姐"
丨丨囗,http://www.bilibili.com/video/av557449302,"美女,女神,热舞,诱惑,大长腿,美女合集,小姐姐,必剪创作,COSPLAY舞蹈大赏"
小林漫画丫,http://www.bilibili.com/video/av777493010,"动画,漫画,漫画推荐,漫画解说,动漫杂谈,漫画剪辑,一口气看完"
丸子丸子丸子丸,http://www.bilibili.com/video/av514267875,"高能娱评官,明星,国产,美女,女神,陈红,钟欣潼,古力娜扎,黎姿"
美女小姐姐集中营,http://www.bilibili.com/video/av434460806,"美女,女神,热舞,诱惑,大长腿,小姐姐"
RedFlower2099,http://www.bilibili.com/video/av418222187,"美女,挨揍,被绑,打卡挑战"
Allliucan,http://www.bilibili.com/video/av477388194,"美女,女神,身材,诱惑,必看,大长腿,小姐姐,每日必看"
美女收集官_正能量,http://www.bilibili.com/video/av346114803,"女神,身材,漂亮,小仙女,小姐姐"
Mikky25,http://www.bilibili.com/video/av383643674,"莫妮卡贝鲁奇,美女,欧美女神,美人,欧美,电影"
新奇视,http://www.bilibili.com/video/av202567519,"美女,性感,诱惑,模特,走秀,时尚"
bili_60001220543,http://www.bilibili.com/video/av349941597,"爆笑,美女,女神,高能,幽默,小仙女,主动,仙女,小姐姐,搞笑美女"
账号已注销,http://www.bilibili.com/video/av892898851,"美女,丝袜,妹子,大长腿,性感美女"
美女小姐姐集中营,http://www.bilibili.com/video/av263838364,"美女,女神,热舞,身材,诱惑,大长腿,小姐姐"
枭四爷,http://www.bilibili.com/video/av304063189,"生活,丝袜,女神,性感,身材,诱惑,情感,小姐姐,连体黑丝,必剪创作"
author,arcurl,tag
自由航行与飞越,http://www.bilibili.com/video/av819914302,美女
兔飞de蒋丞选手,http://www.bilibili.com/video/av222452439,"自制,美女,剪辑,影视剪辑"
丨丨囗,http://www.bilibili.com/video/av687760746,"美女,女神,热舞,诱惑,大长腿,美女合集,小姐姐,必剪创作,COSPLAY舞蹈大赏"
美女收集官_正能量,http://www.bilibili.com/video/av943550324,"女神,壁纸,性感,图片,美图,漂亮,小仙女"
zeusas,http://www.bilibili.com/video/av734924998,"美女,女神,CCTV,女主播,主持人,央视,东方时空,肖艳"
摄影师鱼子酱,http://www.bilibili.com/video/av349911927,"美女,日常,女神,性感,诱惑,模特,街拍,小姐姐,穿搭,为什么黑丝这么迷人"
美女小姐姐集中营,http://www.bilibili.com/video/av861676398,"小姐,美女,女神,热舞,身材,诱惑,大长腿,小姐姐"
59915343834_bili,http://www.bilibili.com/video/av307033147,"美女,热舞,自拍,诱惑,大长腿,居家,小姐姐,美好生活日常记录,年终校园大赏,存档2022，开拍2023"
陪看电影,http://www.bilibili.com/video/av264946644,"美女,女神,热舞,大长腿,小姐姐,我的2022年终总结,存档2022，开拍2023"
舞蹈小花猫,http://www.bilibili.com/video/av349753153,"舞蹈,美女,教练,身材,舞蹈教程,舞蹈练习,小姐姐,美女舞蹈,轻舞蹈创作激励计划,存档2022，开拍2023,轻舞蹈创作激励计划新春特别篇"
-望舒月-,http://www.bilibili.com/video/av254520486,"王楚然,美女,颜值,娱乐,打卡挑战"
阿昆视频剪辑摄影,http://www.bilibili.com/video/av391286642,"美女,性感,大长腿"
丨丨囗,http://www.bilibili.com/video/av264732826,"美女,女神,热舞,诱惑,大长腿,美女合集,小姐姐,必剪创作,轻舞蹈创作激励计划,存档2022，开拍2023,轻舞蹈创作激励计划新春特别篇"
为零终止,http://www.bilibili.com/video/av564879623,"女装,新年,女神,快乐,美女姐姐,高甜,生活记录,女装大佬,打工人,必剪创作"
收藏君-真,http://www.bilibili.com/video/av972401675,"性感,诱惑,海滩,小姐姐,打卡挑战,必剪创作,转角遇到春天"
美女收集官_正能量,http://www.bilibili.com/video/av303748028,"女神,性感,身材,小仙女,小姐姐"
美女小姐姐集中营,http://www.bilibili.com/video/av861905288,"美女,身材,完美身材,大长腿,街拍,小姐姐,街拍美女"
杂鱼川i,http://www.bilibili.com/video/av734652091,"美女,女神,御姐,诱惑,完美身材,大长腿,风情万种,小姐姐,甜御,优雅至极"
小瘦是受不是兽,http://www.bilibili.com/video/av974739128,"美少女,女神,性感,萌妹子,身材,诱惑,漂亮,小姐姐,必剪创作"
_花飞雨追,http://www.bilibili.com/video/av518684872,"2022影娱年终大盘点,2022谁戳中了你心巴,必剪创作,日本,影视剪辑,美女,性感,范冰冰,艳压,红毯,时尚"
膜拜神探-间谍少女组,http://www.bilibili.com/video/av904919087,"少女,黑化,美女,性感"
阿昆视频剪辑摄影,http://www.bilibili.com/video/av988793175,"美女,大长腿"
极乐天宫,http://www.bilibili.com/video/av642183078,"美女,女神,性感,打卡挑战"
美女小姐姐集中营,http://www.bilibili.com/video/av263901639,"美女,女神,热舞,诱惑,大长腿,街拍,小姐姐,街拍美女"
_Dulcimer_,http://www.bilibili.com/video/av383371721,"美女,电视剧,脚,影视剪辑,必剪创作"
美女小姐姐集中营,http://www.bilibili.com/video/av476339619,"美女,女神,热舞,身材,街拍,小姐姐"
aunt_steph_,http://www.bilibili.com/video/av943189787,"我的100个流行新妆,教你一招拍照变好看,美妆,日常,分享,美女,对口型"
风垂着下,http://www.bilibili.com/video/av729503522,"美女,身材,韩漫"
屎前巨饿j,http://www.bilibili.com/video/av946338994,"美女,女神,高能,小仙女,颜值,必剪创作,我的2022年终总结,存档2022，开拍2023"
屎前巨饿j,http://www.bilibili.com/video/av563350291,"可爱,女神,萌妹子,小仙女,心动,小姐姐,颜值,存档2022，开拍2023"
大郎_该吃药了啊,http://www.bilibili.com/video/av517912799,"美女,丝袜,性感,身材,大长腿,外国美女,必剪创作"
John落日,http://www.bilibili.com/video/av819879448,"主播,小姐姐"
辣酱侃电影,http://www.bilibili.com/video/av732371516,"娱乐,韩国综艺,搞笑娱乐,综艺娱乐,韩综,搞笑综艺,奇葩相亲,奇葩综艺,综艺解说"
美女收集官_正能量,http://www.bilibili.com/video/av858445011,"性感,身材,诱惑,漂亮,小姐姐"
飞绪何筹飘零逐流,http://www.bilibili.com/video/av899639729,"美女,热舞,大长腿,小姐姐"
自由航行与飞越,http://www.bilibili.com/video/av947483297,美女
_花飞雨追,http://www.bilibili.com/video/av988821068,"星动安利大作战,必剪创作,刘诗诗,主持人,女神,清冷,CCTV,美女,古装,打戏"
李艾米李艾,http://www.bilibili.com/video/av649462671,"搞笑,美女,女神,胸毛"
阿昆视频剪辑摄影,http://www.bilibili.com/video/av521259696,"美女,性感"
丨丨囗,http://www.bilibili.com/video/av344571384,"美女,合集,小姐姐,必剪创作,手游暑期狂欢节"
夜之城杰出青年V,http://www.bilibili.com/video/av557314434,"妹子,女神,萌妹子,大长腿,小姐姐,必剪创作"
丨丨囗,http://www.bilibili.com/video/av387939582,"美女,女神,热舞,诱惑,大长腿,美女合集,小姐姐,必剪创作,轻舞蹈创作激励计划第七期"
author,arcurl,tag
美女收集官_正能量,http://www.bilibili.com/video/av858445011,"性感,身材,诱惑,漂亮,小姐姐"
飞绪何筹飘零逐流,http://www.bilibili.com/video/av899639729,"美女,热舞,大长腿,小姐姐"
自由航行与飞越,http://www.bilibili.com/video/av947483297,美女
美女大比拼,http://www.bilibili.com/video/av607220685,"热舞,小姐姐,大长腿,女神,美女,跳舞,诱惑,阿姨,性感"
_花飞雨追,http://www.bilibili.com/video/av988821068,"星动安利大作战,必剪创作,刘诗诗,主持人,女神,清冷,CCTV,美女,古装,打戏"
丨丨囗,http://www.bilibili.com/video/av344571384,"美女,合集,小姐姐,必剪创作,手游暑期狂欢节"
夜之城杰出青年V,http://www.bilibili.com/video/av557314434,"妹子,女神,萌妹子,大长腿,小姐姐,必剪创作"
丨丨囗,http://www.bilibili.com/video/av387939582,"美女,女神,热舞,诱惑,大长腿,美女合集,小姐姐,必剪创作,轻舞蹈创作激励计划第七期"
RedFlower2099,http://www.bilibili.com/video/av757674564,"美女,电影剪辑,受辱,打卡挑战"
丨丨囗,http://www.bilibili.com/video/av516381413,"美女,合集,热舞,诱惑,漂亮,大长腿,美女合集,小姐姐,必剪创作,轻舞蹈创作激励计划第八期"
郝英俊爱吃鱼,http://www.bilibili.com/video/av728405227,"美女,身材,漂亮,大长腿,小姐姐,记录生活的美好幸福时刻,跟着UP主创作吧（第五期）"
含笑半步巅巅,http://www.bilibili.com/video/av819987656,"恶搞,恶作剧,幽默,小仙女,小姐姐,记录我的2022,我在B站跨年,存档2022，开拍2023"
屎前巨饿j,http://www.bilibili.com/video/av305615611,"可爱,女神,性感,萌妹子,小仙女,小姐姐,颜值"
_花飞雨追,http://www.bilibili.com/video/av263264840,"星动安利大作战,必剪创作,范冰冰,韩国,中国,女神,美女,严屹宽,艳压,红毯"
奔跑的小电影,http://www.bilibili.com/video/av264881120,"爱情,美女,学生,大学教授"
极乐天宫,http://www.bilibili.com/video/av939656551,"美女,女神,颜值"
bili_75256808856,http://www.bilibili.com/video/av349881033,"美女,高能,瞬间,女朋友,奇葩,幽默,小仙女,笑死人,极致,搞笑瞬间"
美女收集官_正能量,http://www.bilibili.com/video/av218468923,"女神,性感,身材,诱惑,小仙女,大长腿"
一起和大橘玩,http://www.bilibili.com/video/av904977414,"美女,女神,性感,漂亮,小仙女,影视剪辑,小姐姐,必剪创作,明星安利官,星动安利大作战,存档2022，开拍2023"
soleil-2121,http://www.bilibili.com/video/av819316760,"网红,主播,女神,小姐姐,高能,小仙女,女主播"
伍弟帧探,http://www.bilibili.com/video/av384586112,"虚拟形象星光计划,虚拟UP主召集令,多罗罗,日漫,动漫解说,高分动漫,综漫,自制,打卡挑战,写轮眼,火影"
美女收集官_正能量,http://www.bilibili.com/video/av858438574,"妹子,女神,性感,身材,诱惑,小仙女"
丨丨囗,http://www.bilibili.com/video/av220256661,"美女,女神,合集,热舞,漂亮,大长腿,美女合集,小姐姐,必剪创作,轻舞蹈创作激励计划第九期,世界杯主题曲手势舞挑战"
丨丨囗,http://www.bilibili.com/video/av259727970,"美女,女神,合集,热舞,漂亮,大长腿,美女合集,小姐姐,必剪创作,轻舞蹈创作激励计划第六期,跳一支秋日必备甜妹舞You(=I)"
美女收集官_正能量,http://www.bilibili.com/video/av943455669,"女神,性感,身材,诱惑,小仙女,大长腿"
美女收集官_正能量,http://www.bilibili.com/video/av730988337,"性感,身材,诱惑,漂亮,小姐姐"
现实解体秀吉,http://www.bilibili.com/video/av477425062,"妹子,女神,萌妹子,漂亮,小仙女,小姐姐"
星际牛仔Spike,http://www.bilibili.com/video/av605398937,"MAD,浪漫,动漫,二次元,美女,老婆,石蒜,千束,莉可丽丝,泷奈"
美女小姐姐集中营,http://www.bilibili.com/video/av989035040,"美女,女神,诱惑,大长腿,街拍,小姐姐"
影视运动剧分析,http://www.bilibili.com/video/av734181096,"娱乐叭叭大会,畅聊娱乐观点,钱璐璐,美女,名校,科研,校园,教授,婚姻,加州理工学院,学术"
电影剪叨手,http://www.bilibili.com/video/av649198088,"电影解说,相亲对象"
anikio在这里,http://www.bilibili.com/video/av563423008,"女神,颜值,再见2022,热点观察局"
丨丨囗,http://www.bilibili.com/video/av730032743,"美女,女神,热舞,诱惑,大长腿,美女合集,小姐姐,必剪创作,COSPLAY舞蹈大赏"
栩粤Nalia,http://www.bilibili.com/video/av989895397,"姐姐,现场,期待,高跟鞋,韩舞,大长腿,性感美女,路演,直拍,KPOP人年末企划"
阿昆视频剪辑摄影,http://www.bilibili.com/video/av518821283,"美女,性感"
小黑演员,http://www.bilibili.com/video/av939085098,"妹子,性感,身材,诱惑,漂亮,小仙女,大长腿,小姐姐,打卡挑战,必剪创作"
丨丨囗,http://www.bilibili.com/video/av858023138,"美女,女神,热舞,诱惑,漂亮,美女合集,小姐姐,必剪创作,COSPLAY舞蹈大赏"
崔牛逼B,http://www.bilibili.com/video/av853086382,必剪创作
bngdmksf,http://www.bilibili.com/video/av333806484,"央视,CCTV,生活,高能,韩国,小姐姐,美女,模特"
十万个篮球梗,http://www.bilibili.com/video/av946540736,"开打吧！篮球,海外篮球跟我看,渡边雄太,沙奎尔·奥尼尔,詹姆斯,老婆,NBA,篮球,王哲林,巨星,韦德"
美女小姐姐集中营,http://www.bilibili.com/video/av861016079,"小姐,美女,女神,热舞,诱惑,尤物,大长腿,小姐姐,这谁顶得住"
天仙大表哥,http://www.bilibili.com/video/av349882479,"可爱,美女,身材,漂亮,小仙女,外国美女,颜值,必剪创作"
author,arcurl,tag
记住小荀,http://www.bilibili.com/video/av904889465,小姐姐
王者荣耀仙辰,http://www.bilibili.com/video/av734126680,"美女,女神,存档2022，开拍2023"
爆笑o玲姐,http://www.bilibili.com/video/av734591931,"搞笑,高能,真实"
美女视频666,http://www.bilibili.com/video/av434885441,"丝袜,女神,身材,漂亮,小仙女,小姐姐,生活记录,必剪创作"
极乐天宫,http://www.bilibili.com/video/av427255155,"美女,女神,性感,漂亮,小姐姐,颜值"
子不我思_,http://www.bilibili.com/video/av843218054,"经典,初恋,林青霞,王祖贤,邱淑贞,李嘉欣"
新奇视,http://www.bilibili.com/video/av627521213,"美女,女神,性感,诱惑,漂亮,小姐姐"
迷你世界九儿哦,http://www.bilibili.com/video/av734980152,"美女,颜值"
婆接小妲己半糖守沸防,http://www.bilibili.com/video/av860269243,"美女,女神,女主播,影视剪辑,小姐姐,影视录屏"
小黑演员,http://www.bilibili.com/video/av346715377,"美女,女神,合集,热舞,诱惑,大长腿,小姐姐,打卡挑战,必剪创作,十一创作大挑战,我在B站做UP主"
美女收集官_正能量,http://www.bilibili.com/video/av388570493,"女神,性感,身材,诱惑,小姐姐"
极乐天宫,http://www.bilibili.com/video/av855034894,"美女,女神,诱惑,漂亮,颜值,打卡挑战"
一起和大橘玩,http://www.bilibili.com/video/av904977414,"美女,女神,性感,漂亮,小仙女,影视剪辑,小姐姐,必剪创作,明星安利官,星动安利大作战,存档2022，开拍2023"
极乐天宫,http://www.bilibili.com/video/av469849933,"美女,女神,漂亮,打卡挑战"
隔壁老王来着,http://www.bilibili.com/video/av222377808,"我的元旦记录,性感,小哥哥,体育生,美女,爱不释手,小姐"
咭咪音视听,http://www.bilibili.com/video/av903106002,"女装,泳装,性感,内衣,比基尼,内衣秀,模特,走秀,时装周,穿搭"
是老湿啊啊啊,http://www.bilibili.com/video/av734963069,"美女,娱乐,小仙女,搭讪,小姐姐,颜值,气质少妇,必剪创作,存档2022，开拍2023,回家的路是最美的归途"
美女收集官_正能量,http://www.bilibili.com/video/av218420688,"女神,性感,身材,诱惑,小仙女,小姐姐"
Sincere_四月,http://www.bilibili.com/video/av692412886,"搞笑,美女,高能,虚拟偶像,二周年,A-SOUL,虚拟UP主,乃琳Queen,乃琳,A-SOUL二创激励计划"
2023过后,http://www.bilibili.com/video/av513855422,"舞蹈,女神,性感,热舞,诱惑,小姐姐"
残阳无限好,http://www.bilibili.com/video/av727802243,"女孩,萌妹子,小仙女,打卡挑战"
奔跑的小电影,http://www.bilibili.com/video/av264881120,"爱情,美女,学生,大学教授"
RedFlower2099,http://www.bilibili.com/video/av461824728,"美女,打卡挑战"
眼眸中那抹悲伤,http://www.bilibili.com/video/av902950167,"美女,睡觉,直播"
猪猪侠传记,http://www.bilibili.com/video/av851515549,"经典,女神,西游记,美人,朱琳,女儿国国王,影视剪影,杨洁导演,春节影视好看指南,经典影视考古大赛"
女霞姐姐姐,http://www.bilibili.com/video/av819148152,"美女,女神,大长腿"
王者荣耀仙辰,http://www.bilibili.com/video/av521872830,"美女,女神,存档2022，开拍2023"
极乐天宫,http://www.bilibili.com/video/av216128770,"美女,女神,诱惑,漂亮,大长腿,小姐姐"
夜之城杰出青年V,http://www.bilibili.com/video/av986016342,"可爱,妹子,女神,萌妹子,大长腿,小姐姐,必剪创作"
极限运动sir,http://www.bilibili.com/video/av649357743,"舞蹈,女神,性感,热舞,身材,诱惑"
美女收集官_正能量,http://www.bilibili.com/video/av986030825,"女神,性感,身材,小仙女,小姐姐"
夜之城杰出青年V,http://www.bilibili.com/video/av304843535,"校园,女神,性感,诱惑,漂亮,小姐姐,必剪创作"
美女收集官_正能量,http://www.bilibili.com/video/av303407194,"女神,性感,身材,诱惑,大长腿"
青倪解说z,http://www.bilibili.com/video/av391480047,"美女,热舞,诱惑,大长腿,小姐姐"
fvhhd,http://www.bilibili.com/video/av862498339,"女神,性感,萌妹子,漂亮,小仙女,小姐姐,生活记录"
美女收集官_正能量,http://www.bilibili.com/video/av646056698,"妹子,女神,性感,身材,小姐姐"
一大桶奶茶,http://www.bilibili.com/video/av904959448,"美女,合集,古装,孕妇,大肚子,影视剪辑,必剪创作,影视考古大赛,2022影娱年终大盘点"
分享新视界,http://www.bilibili.com/video/av591681328,"女神,创作加成计划"
极乐天宫,http://www.bilibili.com/video/av727602205,"美女,女神,诱惑,漂亮,颜值,打卡挑战"
小甜心y1,http://www.bilibili.com/video/av862438157,"美女,女神,小姐姐,轻舞蹈创作激励计划,轻舞蹈创作激励计划新春特别篇"
yhhxxl彩泥,http://www.bilibili.com/video/av669268584,"芭比,动漫美女,颜值,童年回忆杀,蒸汽波,Raquelle,神奇作品挖掘挑战"
弹下牛牛,http://www.bilibili.com/video/av475059603,"美女,纯爱,大长腿,高甜,生活记录,谷爱凌"
author,arcurl,tag
没的感情蚁工,http://www.bilibili.com/video/av734974194,"性感,大长腿"
美女小姐姐集中营,http://www.bilibili.com/video/av648954067,"小姐,美女,女神,身材,大长腿,街拍,小姐姐,街拍美女"
美女小姐姐集中营,http://www.bilibili.com/video/av690938610,"美女,女神,泳装,美腿,诱惑,大长腿,小姐姐"
谁说我会弹钢琴,http://www.bilibili.com/video/av945963040,"素颜,美女,女神,化妆,范冰冰,刘亦菲,张柏芝,景甜,影视剪辑,星动安利大作战,颜值考古放大镜"
Black-伞,http://www.bilibili.com/video/av434972003,"美女,服饰,穿搭"
记住小荀,http://www.bilibili.com/video/av904889465,小姐姐
美女收集官_正能量,http://www.bilibili.com/video/av646150185,"女神,性感,身材,小仙女,大长腿,小姐姐"
美女收集官_正能量,http://www.bilibili.com/video/av858424327,"女神,性感,身材,诱惑,漂亮,小姐姐"
流云saber,http://www.bilibili.com/video/av15133689,美女
番王的小姐妹,http://www.bilibili.com/video/av564880127,"美女,健身,女神,性感"
千初梦,http://www.bilibili.com/video/av264881285,"系列,妹子,女神,高能,眼神,活着,盘点,小仙女,都是,不好"
美女小姐姐集中营,http://www.bilibili.com/video/av988766734,"美女,女神,诱惑,肉肉,大长腿,街拍,小姐姐"
屎前巨饿j,http://www.bilibili.com/video/av348418201,"女神,萌妹子,漂亮,小仙女,心动,小姐姐,颜值,存档2022，开拍2023"
一大桶奶茶,http://www.bilibili.com/video/av607409996,"美女,片段,合集,剪辑,孕妇,大肚子,影视剪辑,必剪创作,影视考古大赛,2022影娱年终大盘点"
发着玩儿,http://www.bilibili.com/video/av434909210,"可爱,女神,性感,身材,诱惑,小仙女,小姐姐"
夜之城杰出青年V,http://www.bilibili.com/video/av302879054,"校园,妹子,女神,萌妹子,漂亮,小姐姐,必剪创作"
美女收集官_正能量,http://www.bilibili.com/video/av388582285,"女神,性感,身材,小仙女,小姐姐"
圣贤模拟生,http://www.bilibili.com/video/av339205882,"性感,身材,小姐姐,颜值,打卡挑战"
极限运动sir,http://www.bilibili.com/video/av776962447,"美女,小姐姐"
带带大橙丸,http://www.bilibili.com/video/av81053234,"洗脑,美女,催眠,变身,附身,控制"
叶子影视CUT,http://www.bilibili.com/video/av777386958,"黑化,控制,魔尊"
极乐天宫,http://www.bilibili.com/video/av215564514,"美女,女神,热舞,漂亮,小姐姐,轻舞蹈创作激励计划第五期"
浪子小军哥,http://www.bilibili.com/video/av522461779,生活记录
美女收集官_正能量,http://www.bilibili.com/video/av603581926,"女神,性感,身材,诱惑,大长腿,小姐姐"
极限运动sir,http://www.bilibili.com/video/av519399548,"身材,漂亮,性感,小姐姐,美女"
美女社团,http://www.bilibili.com/video/av947393304,"生活,可爱,美女,女神,李多惠,小姐姐,健身美女,必剪创作,存档2022开拍2023，一起记录！,存档2022，开拍2023,一人一个新年愿望"
美女社团,http://www.bilibili.com/video/av564187471,"美女,神仙姐姐,李多惠,小姐姐,颜值,韩国啦啦队,存档2022，开拍2023"
飞绪何筹飘零逐流,http://www.bilibili.com/video/av773158855,"美女,女神,喜欢"
极乐天宫,http://www.bilibili.com/video/av812354355,"美女,女神,漂亮,大长腿,小姐姐,打卡挑战"
极乐天宫,http://www.bilibili.com/video/av343600841,"美女,女神,诱惑,漂亮,大长腿,小姐姐"
飞绪何筹飘零逐流,http://www.bilibili.com/video/av643789002,"美女,热舞,小姐姐"
可可从小就很可爱,http://www.bilibili.com/video/av349977492,"可爱,美女,老虎,东北虎,猛兽,老虎可可"
时雨灬灬,http://www.bilibili.com/video/av377830953,"UP影剧综指南·影要看,美女与野兽,女神,爱情,欧美电影,童话,服化道,Lana Del Rey,Young And Beautiful"
仓稚,http://www.bilibili.com/video/av563518986,"原创,绘画,绘画过程,必剪创作"
Da圣音乐,http://www.bilibili.com/video/av587658548,"乐评盘点,精选歌单,运动会,青春,校园,美女,校花,BGM,搞笑,校园生活"
屎前巨饿j,http://www.bilibili.com/video/av946099874,"美女,女神,性感,小姐姐,必剪创作,存档2022，开拍2023,放松身心的100种方法"
张鱼哥今天看什么,http://www.bilibili.com/video/av258464381,"美女,犯罪,影视剪辑,笑不活了，这电影太搞笑了,暑期电影奇遇季"
极乐天宫,http://www.bilibili.com/video/av299986028,"美女,女神,诱惑,漂亮,小姐姐,打卡挑战"
迅拔看鹏举高音侍鹤鸣,http://www.bilibili.com/video/av860700285,"影视万话镜3.0,影视整活大赏,必剪创作,女神,影视剪辑"
美女收集官_正能量,http://www.bilibili.com/video/av261029954,"性感,身材,小仙女,大长腿,小姐姐"
林中独白-,http://www.bilibili.com/video/av734975334,"女神,唐嫣,锦绣未央,李未央,我们的客栈,星动安利大作战"
剪刀手瑜乔,http://www.bilibili.com/video/av329767867,"女神,美女,影视剪辑,哈利波特,赫敏,艾玛,克里斯汀·斯图尔特,安妮海瑟薇,超级英雄,女神混剪"
author,arcurl,tag
武士的灵魂在躁动,http://www.bilibili.com/video/av896962236,美女
男神保健喵i,http://www.bilibili.com/video/av221715757,"女神,性感,街拍美女"
所以愛會消失對麼,http://www.bilibili.com/video/av564913391,"美女销售,迪迪UP共创大会,我在B站定义迪迪UP"
极乐天宫,http://www.bilibili.com/video/av685258174,"美女,女神,诱惑,漂亮,小姐姐,打卡挑战"
女神是拿来褻渎的,http://www.bilibili.com/video/av973443747,"可爱,女神,性感,萌妹子,小姐姐,小视频,打卡挑战,必剪创作"
静听风雨看世事,http://www.bilibili.com/video/av564948920,"短片,搞笑,美女,女神,帅哥,古装,混剪,影视剪影,影视整活大赏,2022影娱年终大盘点,夜城赋"
绿叶解读,http://www.bilibili.com/video/av519939536,"美女,女神,热舞,诱惑,盘点,大长腿,小姐姐,热舞美女"
爱吃芹菜辣椒,http://www.bilibili.com/video/av819783013,"奇人奇事,生活爆料"
见妮就霄,http://www.bilibili.com/video/av563150037,"快看漫画,穿搭,温霜降,难哄"
现实解体秀吉,http://www.bilibili.com/video/av649943758,"可爱,女神,性感,小仙女,大长腿,小姐姐"
奔跑的小电影,http://www.bilibili.com/video/av264881120,"爱情,美女,学生,大学教授"
丨丨囗,http://www.bilibili.com/video/av432164076,"美女,合集,热舞,诱惑,漂亮,大长腿,美女合集,小姐姐,必剪创作,COSPLAY舞蹈大赏,COSPLAY舞蹈大赏第二期"
蛋挞-Tart,http://www.bilibili.com/video/av796578870,"歌曲,音乐,MV,单曲,YOUTUBE,高音质,听歌,蒙古,hippop"
极乐天宫,http://www.bilibili.com/video/av813802602,"美女,女神,诱惑,漂亮,小姐姐,轻舞蹈创作激励计划第五期"
安洛思屠,http://www.bilibili.com/video/av371754915,美女
柚子爱电影,http://www.bilibili.com/video/av604616568,"变态,女神,性感,惊悚,犯罪,电影解说"
茵瑶大人的狗,http://www.bilibili.com/video/av774829188,"女神,性感,萌妹子,身材,诱惑,漂亮,小仙女,小姐姐,必剪创作"
不要小白兔,http://www.bilibili.com/video/av60861796,"桥本环奈,时尚,美女,女神,明星,萌妹子"
王者荣耀仙辰,http://www.bilibili.com/video/av819126456,"美女,女神,存档2022，开拍2023"
月映蓝栀蕴秋琪,http://www.bilibili.com/video/av424782417,"打卡挑战,美女,性感,短片"
极乐天宫,http://www.bilibili.com/video/av600812428,"女神,诱惑,漂亮,大长腿,小姐姐,这是心动的感觉,B站脱单计划"
闪电大龟-,http://www.bilibili.com/video/av989760024,"绘画,厚涂,上色,绘画过程,摸鱼,procreate"
美女收集官_正能量,http://www.bilibili.com/video/av388679227,"女神,性感,身材,漂亮,小仙女,小姐姐"
极乐天宫,http://www.bilibili.com/video/av513897921,"美女,女神,热舞,漂亮,小姐姐,轻舞蹈创作激励计划第五期"
一剪梅影视解説,http://www.bilibili.com/video/av307455805,"恐怖,结局,美女,吃饭,悬疑,惊悚,深夜,神秘,影视剪辑"
夜之城杰出青年V,http://www.bilibili.com/video/av516447557,"女神,性感,萌妹子,大长腿,小姐姐,必剪创作,十一创作大挑战"
kk随遇,http://www.bilibili.com/video/av931618300,"可爱,美女,女神,性感,热舞,诱惑,漂亮,小姐姐,必剪创作"
微雨亭下,http://www.bilibili.com/video/av306104120,"日本,美女,女神,老婆,石原里美,颜值,日娱,星动安利大作战"
千千解漫-收徒,http://www.bilibili.com/video/av903655396,"漫画推荐官招募计划,这漫画太好看啦,物语系列,伤物语,吸血鬼,一口气,一口气看完,巨大,死亡,善良,意外"
必到趣事,http://www.bilibili.com/video/av392421815,"搞笑,高能,角色扮演,热门,搞笑视频,社会百态,奔现,百态,看一遍笑一遍,内容过于真实"
呀嘿1呀,http://www.bilibili.com/video/av521802678,"校园,甜,影视剪辑,卢昱晓,吴俊霆,时光与他恰似正好"
美女收集官_正能量,http://www.bilibili.com/video/av858662592,"女神,性感,身材,漂亮,小仙女,小姐姐"
极限运动sir,http://www.bilibili.com/video/av264366377,"性感,小姐姐,身材,诱惑,性感美女"
高教司,http://www.bilibili.com/video/av477384757,"爱情,美女,电视剧,影视剪辑"
RedFlower2099,http://www.bilibili.com/video/av969159128,"美女,电影,电影剪辑,萌新UP主夏令营,神奇作品挖掘挑战"
75545174888,http://www.bilibili.com/video/av692485787,"日本,美女,女神,女记者,影视剪辑,徐小飒"
4K画质杜比视界体验,http://www.bilibili.com/video/av940133433,"爱情,女神,童话,美女与野兽,宫廷,欧美电影,4K,影视混剪,服化道"
美女小姐姐集中营,http://www.bilibili.com/video/av520844050,"可爱,美女,女神,喜欢,热舞,诱惑,小仙女,大长腿,街拍,小姐姐"
极限运动sir,http://www.bilibili.com/video/av691826902,"女神,放松,小姐姐"
极乐天宫,http://www.bilibili.com/video/av855610744,"美女,女神,诱惑,漂亮,这是心动的感觉,打卡挑战,B站脱单计划"
一起和大橘玩,http://www.bilibili.com/video/av904977414,"美女,女神,性感,漂亮,小仙女,影视剪辑,小姐姐,必剪创作,明星安利官,星动安利大作战,存档2022，开拍2023"
洋洋爱侃剧,http://www.bilibili.com/video/av522390120,"爱情,美女,男人,回家,妻子,结果,影视剪辑,没想到"
